buffer,resolution,realised_deg,signal,n_cells,freq,variant,period,lag,lag_kind,n,block,r,p_naive,n_eff_first,p_eff_first,n_eff_nw,p_eff_nw,boot_lo,boot_hi,p_perm,p_fdr,fdr_reject,verdict
0.25,native,0.0546,footprint,448,W,level,52,0,lag0,377,7,-0.0314,0.5427928009785998,298.4,0.5885179746745903,288.2,0.5950362253439094,-0.1423,0.0653,0.6152769446110777,0.9961690201642212,False,ns
0.25,native,0.0546,footprint,448,W,level,52,-8,peak,369,7,-0.0696,0.18199186999719483,267.6,0.25629831490157007,264.3,0.2592962761063673,-0.188,0.0305,0.26494701059788045,0.40372877805391305,False,ns
0.25,native,0.0546,footprint,448,W,intensity-model,52,0,lag0,377,7,0.061,0.2372050822743156,304.8,0.28824707758716106,300.6,0.29159491428142287,-0.0443,0.1504,0.3105378924215157,0.9961690201642212,False,ns
0.25,native,0.0546,footprint,448,W,intensity-model,52,-2,peak,375,7,0.0846,0.10172612962538813,299.7,0.1438128640352132,297.5,0.14530050468133296,-0.0114,0.1694,0.13697260547890422,0.26564384092878396,False,ns
0.25,native,0.0546,footprint,448,W,yoy,52,0,lag0,325,7,-0.0015,0.978906126250805,250.5,0.9815035598396125,236.4,0.9820357573075541,-0.1535,0.1469,0.9806038792241552,0.9961690201642212,False,ns
0.25,native,0.0546,footprint,448,W,yoy,52,-8,peak,317,7,0.0367,0.5152877125988682,232.7,0.577771709494321,220.2,0.5883173022623213,-0.0759,0.1475,0.5706858628274345,0.6056755861942367,False,ns
0.25,native,0.0546,footprint,448,W,stl,52,0,lag0,377,7,-0.03,0.5613535724938863,297.3,0.6063345698779302,299.6,0.6048987724677235,-0.1446,0.0668,0.6286742651469706,0.9961690201642212,False,ns
0.25,native,0.0546,footprint,448,W,stl,52,3,peak,374,7,-0.047,0.36496264376433646,295.0,0.4214913705046871,297.4,0.4196091534070808,-0.1566,0.0526,0.4491101779644071,0.5748610277944411,False,ns
0.25,native,0.0546,footprint,448,ME,level,12,0,lag0,90,4,-0.0379,0.7225949295321686,65.7,0.7629097220731362,61.2,0.7712399242151552,-0.3063,0.1668,0.7934413117376524,0.9961690201642212,False,ns
0.25,native,0.0546,footprint,448,ME,level,12,-5,peak,85,4,-0.3038,0.004709976346553058,59.9,0.01840325455071885,56.9,0.02178898212301595,-0.5574,-0.0126,0.018196360727854428,0.1959608078384323,False,fragile (naive-only)
0.25,native,0.0546,footprint,448,ME,intensity-model,12,0,lag0,90,4,0.1238,0.2449931809746431,69.8,0.30787273872833654,64.9,0.32614006113349603,-0.126,0.2956,0.3619276144771046,0.9961690201642212,False,ns
0.25,native,0.0546,footprint,448,ME,intensity-model,12,6,peak,84,4,0.2691,0.0133290052582885,65.3,0.02978419449993121,61.4,0.0353935252156888,-0.0889,0.5267,0.04599080183963208,0.1959608078384323,False,fragile (naive-only)
0.25,native,0.0546,footprint,448,ME,yoy,12,0,lag0,78,4,-0.004,0.9724274363561318,53.3,0.9773787813201028,50.9,0.9779142498520023,-0.4217,0.2977,0.9798040391921615,0.9961690201642212,False,ns
0.25,native,0.0546,footprint,448,ME,yoy,12,-6,peak,72,4,-0.2656,0.024155505411455717,50.0,0.062407611379821315,47.2,0.07054055204238223,-0.6144,0.1505,0.07198560287942411,0.2193846944896735,False,fragile (naive-only)
0.25,native,0.0546,footprint,448,ME,stl,12,0,lag0,90,4,-0.0359,0.7369518457830971,73.5,0.7622800444466388,67.8,0.7716175033441793,-0.2864,0.1583,0.7954409118176364,0.9961690201642212,False,ns
0.25,native,0.0546,footprint,448,ME,stl,12,-5,peak,85,4,-0.2855,0.0080771339793087,69.4,0.01707942664610267,64.1,0.022097727736879447,-0.5436,0.0126,0.014997000599880024,0.1959608078384323,False,fragile (naive-only)
0.25,0.1,0.1091,footprint,77,W,level,52,0,lag0,377,7,0.0072,0.8891739775139389,274.4,0.9054794827522407,282.1,0.904164030075983,-0.1118,0.1002,0.908618276344731,0.9961690201642212,False,ns
0.25,0.1,0.1091,footprint,77,W,level,52,-8,peak,369,7,-0.0474,0.36424580145597396,247.4,0.4583098485877171,262.2,0.445046587644945,-0.1726,0.0503,0.4363127374525095,0.5748610277944411,False,ns
0.25,0.1,0.1091,footprint,77,W,intensity-model,52,0,lag0,377,7,0.0677,0.18958762274778185,276.7,0.2616950106306033,286.8,0.2530278395475342,-0.0446,0.1562,0.2663467306538692,0.9961690201642212,False,ns
0.25,0.1,0.1091,footprint,77,W,intensity-model,52,1,peak,376,7,0.082,0.11239090977797603,276.0,0.17432144602435543,286.2,0.16648623762132517,-0.023,0.1703,0.1829634073185363,0.31647724509152225,False,ns
0.25,0.1,0.1091,footprint,77,W,yoy,52,0,lag0,325,7,-0.0133,0.8105818034297527,219.1,0.8442779426608612,228.0,0.8411662540745911,-0.1749,0.1424,0.826634673065387,0.9961690201642212,False,ns
0.25,0.1,0.1091,footprint,77,W,yoy,52,7,peak,318,7,-0.0431,0.44341526528249536,214.6,0.5297610201568506,223.2,0.5215175212709519,-0.2382,0.1553,0.490501899620076,0.5889067800474992,False,ns
0.25,0.1,0.1091,footprint,77,W,stl,52,0,lag0,377,7,-0.0139,0.7872113935474185,268.6,0.8200217507014086,288.3,0.8135874271160942,-0.1375,0.0799,0.8264347130573885,0.9961690201642212,False,ns
0.25,0.1,0.1091,footprint,77,W,stl,52,3,peak,374,7,-0.0346,0.5042768721170813,266.5,0.573514293418966,286.1,0.5596213626786414,-0.16,0.0616,0.5772845430913818,0.6056755861942367,False,ns
0.25,0.1,0.1091,footprint,77,ME,level,12,0,lag0,90,4,0.0238,0.8240409931574044,72.4,0.8424450716545853,68.2,0.8472194001691665,-0.2577,0.2059,0.8664267146570686,0.9961690201642212,False,ns
0.25,0.1,0.1091,footprint,77,ME,level,12,-5,peak,85,4,-0.253,0.019498482487871574,66.2,0.040128337854243024,63.2,0.04515663370050176,-0.5312,0.0079,0.04479104179164167,0.1959608078384323,False,fragile (naive-only)
0.25,0.1,0.1091,footprint,77,ME,intensity-model,12,0,lag0,90,4,0.1232,0.24734496207002785,74.2,0.2951026968722247,70.0,0.30952781857785394,-0.1329,0.2815,0.34153169366126773,0.9961690201642212,False,ns
0.25,0.1,0.1091,footprint,77,ME,intensity-model,12,6,peak,84,4,0.2606,0.016662150290435995,69.9,0.02945173382994153,66.5,0.03386827690416929,-0.0925,0.5113,0.041991601679664065,0.1959608078384323,False,fragile (naive-only)
0.25,0.1,0.1091,footprint,77,ME,yoy,12,0,lag0,78,4,-0.0286,0.80363247933019,58.0,0.8311434530408996,55.9,0.834398868606748,-0.4472,0.2671,0.8362327534493101,0.9961690201642212,False,ns
0.25,0.1,0.1091,footprint,77,ME,yoy,12,-6,peak,72,4,-0.2722,0.020703566794283007,53.9,0.0467109291831057,51.7,0.05168443256556115,-0.6028,0.1244,0.05878824235152969,0.1980235531841,False,fragile (naive-only)
0.25,0.1,0.1091,footprint,77,ME,stl,12,0,lag0,90,4,0.0058,0.957079989694871,83.8,0.9586312832098731,80.1,0.9595894130271391,-0.2424,0.1713,0.9650069986002799,0.9961690201642212,False,ns
0.25,0.1,0.1091,footprint,77,ME,stl,12,-5,peak,85,4,-0.221,0.042099951964913035,79.2,0.050003383054659095,75.7,0.05562936846531314,-0.533,0.0541,0.05858828234353129,0.1980235531841,False,fragile (naive-only)
0.25,0.15,0.1637,footprint,44,W,level,52,0,lag0,377,7,-0.0436,0.39899801780753874,284.9,0.46392645145418765,285.3,0.4636169602473048,-0.157,0.0552,0.4797040591881624,0.9961690201642212,False,ns
0.25,0.15,0.1637,footprint,44,W,level,52,-8,peak,369,7,-0.072,0.16764323498415784,262.3,0.24534054654494974,265.3,0.24260414878122763,-0.1976,0.031,0.241751649670066,0.37736842875327375,False,ns
0.25,0.15,0.1637,footprint,44,W,intensity-model,52,0,lag0,377,7,0.0335,0.5160871276056386,289.4,0.5697932497038225,294.3,0.5664875466292759,-0.0719,0.1238,0.5940811837632474,0.9961690201642212,False,ns
0.25,0.15,0.1637,footprint,44,W,intensity-model,52,-2,peak,375,7,0.0715,0.16704754987360265,285.5,0.22847191226273195,292.0,0.2231523475598718,-0.0312,0.1668,0.20995800839832032,0.3359328134373125,False,ns
0.25,0.15,0.1637,footprint,44,W,yoy,52,0,lag0,325,7,-0.0219,0.6941965086950322,217.3,0.7483283305395316,232.4,0.7399351376101022,-0.1734,0.1272,0.7250549890021996,0.9961690201642212,False,ns
0.25,0.15,0.1637,footprint,44,W,yoy,52,7,peak,318,7,-0.0401,0.47664905002250274,212.8,0.561216694888609,227.5,0.547797797152926,-0.233,0.1445,0.5158968206358728,0.5889067800474992,False,ns
0.25,0.15,0.1637,footprint,44,W,stl,52,0,lag0,377,7,0.0181,0.7265383444977414,271.0,0.7671226375769777,289.6,0.7594289846085219,-0.0995,0.116,0.7666466706658668,0.9961690201642212,False,ns
0.25,0.15,0.1637,footprint,44,W,stl,52,-2,peak,375,7,0.0584,0.25895237169892016,269.6,0.3390868790597185,288.1,0.32293194041568485,-0.0419,0.1529,0.2981403719256149,0.43365872280089435,False,ns
0.25,0.15,0.1637,footprint,44,ME,level,12,0,lag0,90,4,-0.0525,0.6228697676630739,75.6,0.653100661647771,68.2,0.6700085074389208,-0.3147,0.1553,0.7160567886422715,0.9961690201642212,False,ns
0.25,0.15,0.1637,footprint,44,ME,level,12,-5,peak,85,4,-0.2675,0.013310743138271592,69.8,0.02537466109963269,63.6,0.03311203145953352,-0.5318,-0.0101,0.02979404119176165,0.1959608078384323,False,fragile (naive-only)
0.25,0.15,0.1637,footprint,44,ME,intensity-model,12,0,lag0,90,4,0.0748,0.48356970719176695,78.9,0.512799664071539,71.4,0.5340476429892078,-0.1576,0.2491,0.6114777044591082,0.9961690201642212,False,ns
0.25,0.15,0.1637,footprint,44,ME,intensity-model,12,6,peak,84,4,0.2637,0.015361546256367813,74.6,0.02265775542697978,68.1,0.02961441440171208,-0.1172,0.5189,0.04899020195960808,0.1959608078384323,False,fragile (naive-only)
0.25,0.15,0.1637,footprint,44,ME,yoy,12,0,lag0,78,4,-0.0308,0.7889722898664582,67.6,0.803752880929971,60.4,0.8146806851176907,-0.4056,0.2574,0.8304339132173565,0.9961690201642212,False,ns
0.25,0.15,0.1637,footprint,44,ME,yoy,12,6,peak,72,4,0.2586,0.02829897770821321,62.3,0.04190286038333908,55.8,0.054733381513023954,-0.1341,0.4893,0.1299740051989602,0.26564384092878396,False,fragile (naive-only)
0.25,0.15,0.1637,footprint,44,ME,stl,12,0,lag0,90,4,0.0048,0.9639178970861274,81.9,0.9656178365677546,71.6,0.9679228321405238,-0.2599,0.2102,0.9732053589282144,0.9961690201642212,False,ns
0.25,0.15,0.1637,footprint,44,ME,stl,12,6,peak,84,4,0.2378,0.02938972411608417,76.6,0.03777505894696193,66.9,0.052773394161865474,-0.1801,0.5098,0.08998200359928014,0.25038470566756216,False,fragile (naive-only)
0.25,0.25,0.2728,footprint,11,W,level,52,0,lag0,377,7,-0.0154,0.7663061468901288,253.6,0.8077331849120104,248.2,0.809753042059311,-0.1414,0.0985,0.8074385122975405,0.9961690201642212,False,ns
0.25,0.25,0.2728,footprint,11,W,level,52,-2,peak,375,7,0.0395,0.44589564502725165,251.0,0.5335147694793689,248.6,0.5355221847886685,-0.0883,0.1604,0.524495100979804,0.5889067800474992,False,ns
0.25,0.25,0.2728,footprint,11,W,intensity-model,52,0,lag0,377,7,-0.0256,0.6208083144985282,253.7,0.6853391699643692,248.4,0.6885143309152747,-0.1531,0.0882,0.6952609478104379,0.9961690201642212,False,ns
0.25,0.25,0.2728,footprint,11,W,intensity-model,52,-1,peak,376,7,-0.0302,0.5599728220548827,254.1,0.6323966272500752,248.4,0.6362498494598553,-0.1607,0.0839,0.6456708658268346,0.6559196097288479,False,ns
0.25,0.25,0.2728,footprint,11,W,yoy,52,0,lag0,325,7,-0.0209,0.7070300744022361,190.9,0.7738804598634073,209.2,0.7635175636122248,-0.1774,0.1346,0.7454509098180364,0.9961690201642212,False,ns
0.25,0.25,0.2728,footprint,11,W,yoy,52,4,peak,321,7,0.0453,0.4186976577808842,188.3,0.5368415737886729,206.5,0.5175368860227082,-0.0911,0.1705,0.5010997800439912,0.5889067800474992,False,ns
0.25,0.25,0.2728,footprint,11,W,stl,52,0,lag0,377,7,0.0147,0.7760994980061144,324.5,0.7920063971548345,310.7,0.7964144150740279,-0.0886,0.1099,0.7848430313937212,0.9961690201642212,False,ns
0.25,0.25,0.2728,footprint,11,W,stl,52,-5,peak,372,7,0.057,0.27302919098518963,319.2,0.3102045337028022,307.1,0.3196114194285127,-0.0526,0.1436,0.35892821435712857,0.5104756826412495,False,ns
0.25,0.25,0.2728,footprint,11,ME,level,12,0,lag0,90,4,0.0105,0.9214951579759457,75.7,0.9281600516166695,67.8,0.9321600017806753,-0.2576,0.2322,0.9424115176964607,0.9961690201642212,False,ns
0.25,0.25,0.2728,footprint,11,ME,level,12,6,peak,84,4,0.2457,0.024275803848794453,74.3,0.034475779385727226,65.2,0.04813107449433527,-0.1826,0.502,0.10337932413517296,0.261363111992986,False,fragile (naive-only)
0.25,0.25,0.2728,footprint,11,ME,intensity-model,12,0,lag0,90,4,-0.0212,0.8430683533458542,75.8,0.8562606737690153,67.7,0.8643225630226528,-0.2907,0.2051,0.8800239952009599,0.9961690201642212,False,ns
0.25,0.25,0.2728,footprint,11,ME,intensity-model,12,6,peak,84,4,0.2161,0.04833225377685139,74.7,0.06316221057010958,65.5,0.08256259446132407,-0.2168,0.4824,0.15576884623075385,0.28483446167909277,False,fragile (naive-only)
0.25,0.25,0.2728,footprint,11,ME,yoy,12,0,lag0,78,4,-0.0085,0.9413846341275643,78.0,0.9413846341275651,73.1,0.9433310671394926,-0.305,0.2706,0.9560087982403519,0.9961690201642212,False,ns
0.25,0.25,0.2728,footprint,11,ME,yoy,12,6,peak,72,4,0.2358,0.04617743663219897,72.0,0.04617743663219899,68.7,0.051598106901980974,-0.1239,0.4566,0.14537092581483704,0.273639389769105,False,fragile (naive-only)
0.25,0.25,0.2728,footprint,11,ME,stl,12,0,lag0,90,4,0.0213,0.8421967714231922,90.0,0.842196771423191,78.8,0.8525142977009974,-0.1936,0.2364,0.8822235552889423,0.9961690201642212,False,ns
0.25,0.25,0.2728,footprint,11,ME,stl,12,6,peak,84,4,0.2141,0.05047497719778554,84.0,0.05047497719778548,73.7,0.06760033240185391,-0.1614,0.4638,0.1365726854629074,0.26564384092878396,False,ns
0.1,native,0.0546,footprint,435,W,level,52,0,lag0,377,7,-0.0478,0.3547836638583364,307.5,0.40363837680972803,292.5,0.4154609962955896,-0.1575,0.0493,0.4377124575084983,0.9961690201642212,False,ns
0.1,native,0.0546,footprint,435,W,level,52,3,peak,374,7,-0.0781,0.1316324344883184,305.1,0.17362850347906197,290.2,0.18460417548874444,-0.1938,0.0248,0.20815836832633472,0.3359328134373125,False,ns
0.1,native,0.0546,footprint,435,W,intensity-model,52,0,lag0,377,7,0.0434,0.4012144189637091,314.1,0.4438202798813115,305.3,0.4503798851753537,-0.0627,0.1334,0.4767046590681864,0.9961690201642212,False,ns
0.1,native,0.0546,footprint,435,W,intensity-model,52,-2,peak,375,7,0.0694,0.1799762568657549,308.2,0.22451062872420538,302.2,0.22906291139525528,-0.0251,0.1546,0.20915816836632672,0.3359328134373125,False,ns
0.1,native,0.0546,footprint,435,W,yoy,52,0,lag0,325,7,-0.0155,0.7803603336624637,255.0,0.8050984008885682,243.6,0.8094793047414136,-0.1658,0.13,0.8010397920415917,0.9961690201642212,False,ns
0.1,native,0.0546,footprint,435,W,yoy,52,7,peak,318,7,-0.0473,0.4001074122503483,249.7,0.45642858379342893,238.5,0.4667703560535221,-0.2302,0.1363,0.4461107778444311,0.5748610277944411,False,ns
0.1,native,0.0546,footprint,435,W,stl,52,0,lag0,377,7,-0.0101,0.8453638937641933,302.2,0.8614952974453064,302.7,0.8613669181398931,-0.1232,0.0883,0.8580283943211358,0.9961690201642212,False,ns
0.1,native,0.0546,footprint,435,W,stl,52,2,peak,375,7,-0.0305,0.5557398942902902,300.6,0.5981360602760717,301.2,0.5977802876948533,-0.1299,0.0614,0.6032793441311738,0.6227399681354052,False,ns
0.1,native,0.0546,footprint,435,ME,level,12,0,lag0,90,4,-0.072,0.5003375713163546,64.6,0.5702524590987724,60.0,0.584774473684949,-0.3385,0.1388,0.619876024795041,0.9961690201642212,False,ns
0.1,native,0.0546,footprint,435,ME,level,12,-5,peak,85,4,-0.3353,0.0017076147964226838,59.0,0.009429623358041435,55.6,0.01185321761107961,-0.5827,-0.0532,0.007798440311937612,0.1959608078384323,False,fragile (naive-only)
0.1,native,0.0546,footprint,435,ME,intensity-model,12,0,lag0,90,4,0.0912,0.39287091474189006,68.9,0.456727839873359,63.9,0.4741930468334208,-0.1589,0.2692,0.5206958608278345,0.9961690201642212,False,ns
0.1,native,0.0546,footprint,435,ME,intensity-model,12,6,peak,84,4,0.278,0.01045915922313676,64.6,0.025423382279043116,60.9,0.030236114951227647,-0.0953,0.5422,0.04779044191161767,0.1959608078384323,False,fragile (naive-only)
0.1,native,0.0546,footprint,435,ME,yoy,12,0,lag0,78,4,-0.0293,0.7990369222708739,53.1,0.834880145661116,51.1,0.8382102877875479,-0.4208,0.2745,0.8512297540491902,0.9961690201642212,False,ns
0.1,native,0.0546,footprint,435,ME,yoy,12,-6,peak,72,4,-0.2836,0.015775514057795086,50.2,0.04548578319670313,47.5,0.05197540737170749,-0.6216,0.1438,0.04859028194361128,0.1959608078384323,False,fragile (naive-only)
0.1,native,0.0546,footprint,435,ME,stl,12,0,lag0,90,4,0.014,0.8955227046161676,68.4,0.9092501281019322,63.7,0.9125347769397447,-0.2584,0.2142,0.9338132373525295,0.9961690201642212,False,ns
0.1,native,0.0546,footprint,435,ME,stl,12,6,peak,84,4,0.2258,0.038911502076542565,64.2,0.07235883442490273,59.7,0.08358346378264778,-0.2063,0.5185,0.1279744051189762,0.26564384092878396,False,fragile (naive-only)
0.1,0.1,0.1091,footprint,72,W,level,52,0,lag0,377,7,-0.0293,0.5708378913756413,326.4,0.5980755256980455,310.8,0.6070371040988818,-0.1376,0.0648,0.6250749850029994,0.9961690201642212,False,ns
0.1,0.1,0.1091,footprint,72,W,level,52,-8,peak,369,7,-0.0462,0.37646194345484046,290.5,0.4330438777546762,283.5,0.4386512717113688,-0.163,0.0504,0.4433113377324535,0.5748610277944411,False,ns
0.1,0.1,0.1091,footprint,72,W,intensity-model,52,0,lag0,377,7,0.0267,0.6051476524498156,329.0,0.6292732278608761,316.0,0.6362102700984634,-0.0766,0.1135,0.6516696660667867,0.9961690201642212,False,ns
0.1,0.1,0.1091,footprint,72,W,intensity-model,52,-2,peak,375,7,0.0587,0.25709173676236846,323.4,0.292892950490421,313.1,0.3007449905098733,-0.0361,0.145,0.28734253149370126,0.42767260501388094,False,ns
0.1,0.1,0.1091,footprint,72,W,yoy,52,0,lag0,325,7,-0.0161,0.7727399263654535,244.4,0.8025141188533842,240.0,0.804276867294693,-0.1672,0.1323,0.7920415916816637,0.9961690201642212,False,ns
0.1,0.1,0.1091,footprint,72,W,yoy,52,7,peak,318,7,-0.0343,0.5427787348864141,239.1,0.598184024818596,234.9,0.601438995430278,-0.2217,0.1437,0.5760847830433913,0.6056755861942367,False,ns
0.1,0.1,0.1091,footprint,72,W,stl,52,0,lag0,377,7,-0.0132,0.7977858466083503,312.1,0.8158000515419523,293.6,0.8212752620393292,-0.125,0.0864,0.8384323135372925,0.9961690201642212,False,ns
0.1,0.1,0.1091,footprint,72,W,stl,52,2,peak,375,7,-0.0206,0.690943452241358,310.4,0.7177456126790773,292.1,0.7259378538263965,-0.129,0.0803,0.7384523095380924,0.7384523095380924,False,ns
0.1,0.1,0.1091,footprint,72,ME,level,12,0,lag0,90,4,-0.0275,0.7966759986306942,71.7,0.8188242857036786,65.2,0.8273001920342503,-0.2963,0.171,0.8480303939212157,0.9961690201642212,False,ns
0.1,0.1,0.1091,footprint,72,ME,level,12,-5,peak,85,4,-0.2588,0.016764222569607485,66.4,0.03534304085094094,60.7,0.044618978403255544,-0.5226,0.0073,0.04859028194361128,0.1959608078384323,False,fragile (naive-only)
0.1,0.1,0.1091,footprint,72,ME,intensity-model,12,0,lag0,90,4,0.0696,0.5145265793767747,73.4,0.5573980585326748,66.9,0.576054483010976,-0.1823,0.2449,0.6212757448510298,0.9961690201642212,False,ns
0.1,0.1,0.1091,footprint,72,ME,intensity-model,12,6,peak,84,4,0.2723,0.012201964805002366,68.7,0.023899523778439707,63.5,0.030101166935848925,-0.1147,0.5306,0.04899020195960808,0.1959608078384323,False,fragile (naive-only)
0.1,0.1,0.1091,footprint,72,ME,yoy,12,0,lag0,78,4,-0.025,0.8277553083244393,58.5,0.8514155779719164,54.2,0.8570530601613277,-0.418,0.2724,0.8688262347530494,0.9961690201642212,False,ns
0.1,0.1,0.1091,footprint,72,ME,yoy,12,-6,peak,72,4,-0.2632,0.025483923816585815,54.7,0.05281304582868408,49.9,0.06493768539235832,-0.6082,0.1607,0.06778644271145771,0.21691661667666468,False,fragile (naive-only)
0.1,0.1,0.1091,footprint,72,ME,stl,12,0,lag0,90,4,0.0328,0.7589238980049235,71.3,0.785539987848374,65.8,0.7940471598801448,-0.2428,0.2273,0.8474305138972206,0.9961690201642212,False,ns
0.1,0.1,0.1091,footprint,72,ME,stl,12,6,peak,84,4,0.2536,0.019925850277349083,66.9,0.03852622799979251,61.7,0.047295834760037736,-0.2003,0.5318,0.08218356328734253,0.23907945683590553,False,fragile (naive-only)
0.1,0.15,0.1637,footprint,39,W,level,52,0,lag0,377,7,-0.1315,0.010587645802842794,302.3,0.022202259970542475,273.5,0.02966817969394894,-0.2654,-0.0065,0.033793241351729654,0.9961690201642212,False,fragile (naive-only)
0.1,0.15,0.1637,footprint,39,W,level,52,3,peak,374,7,-0.1664,0.001238675788393286,299.7,0.003867583590565249,271.3,0.006011327045927322,-0.3081,-0.0378,0.007398520295940812,0.1959608078384323,False,fragile (naive-only)
0.1,0.15,0.1637,footprint,39,W,intensity-model,52,0,lag0,377,7,-0.0034,0.9479217713734234,317.3,0.9522468545869428,299.1,0.9536460866885603,-0.1262,0.1095,0.9580083983203359,0.9961690201642212,False,ns
0.1,0.15,0.1637,footprint,39,W,intensity-model,52,-2,peak,375,7,0.0501,0.333660287771193,314.4,0.37634083343608005,297.5,0.38962017453739894,-0.067,0.1595,0.3869226154769046,0.5383271171852586,False,ns
0.1,0.15,0.1637,footprint,39,W,yoy,52,0,lag0,325,7,-0.0188,0.7356442350931426,234.4,0.7746680887667997,241.6,0.7712857360549866,-0.1602,0.1328,0.7658468306338733,0.9961690201642212,False,ns
0.1,0.15,0.1637,footprint,39,W,yoy,52,-8,peak,317,7,0.0376,0.5046037563382356,224.6,0.5749974977121277,221.1,0.57796612449513,-0.0771,0.1558,0.5358928214357128,0.5913300098600969,False,ns
0.1,0.15,0.1637,footprint,39,W,stl,52,0,lag0,377,7,0.0338,0.5123299569847766,306.0,0.5553172805383522,312.9,0.5508355935868041,-0.0804,0.1465,0.5832833433313337,0.9961690201642212,False,ns
0.1,0.15,0.1637,footprint,39,W,stl,52,-2,peak,375,7,0.09,0.08180473838425062,304.4,0.11719580223529436,311.3,0.11304501531879962,-0.0132,0.1967,0.10617876424715057,0.261363111992986,False,ns
0.1,0.15,0.1637,footprint,39,ME,level,12,0,lag0,90,4,-0.2294,0.0296300443030379,64.8,0.06650467763589547,61.7,0.07359952574576414,-0.4874,0.0292,0.08758248350329934,0.9961690201642212,False,fragile (naive-only)
0.1,0.15,0.1637,footprint,39,ME,level,12,-5,peak,85,4,-0.3281,0.002170547955284568,60.9,0.009903262843466074,58.1,0.01184709640749781,-0.5314,-0.0831,0.011797640471905619,0.1959608078384323,False,fragile (naive-only)
0.1,0.15,0.1637,footprint,39,ME,intensity-model,12,0,lag0,90,4,0.0002,0.9985882230712927,74.5,0.9987189225155337,71.6,0.998745322408508,-0.2624,0.2331,0.9988002399520096,0.9988002399520096,False,ns
0.1,0.15,0.1637,footprint,39,ME,intensity-model,12,6,peak,84,4,0.2331,0.03284062240895526,71.0,0.050454021587463455,68.4,0.05504302382252795,-0.1506,0.4975,0.09718056388722256,0.2591481703659268,False,fragile (naive-only)
0.1,0.15,0.1637,footprint,39,ME,yoy,12,0,lag0,78,4,-0.0275,0.8114058802255071,64.3,0.8290555915728903,59.3,0.8361043575207958,-0.3806,0.2915,0.8658268346330734,0.9961690201642212,False,ns
0.1,0.15,0.1637,footprint,39,ME,yoy,12,6,peak,72,4,0.2642,0.024921564310323545,58.7,0.043709935101560904,54.7,0.052035788993638574,-0.1507,0.4896,0.13437312537492502,0.26564384092878396,False,fragile (naive-only)
0.1,0.15,0.1637,footprint,39,ME,stl,12,0,lag0,90,4,-0.0841,0.43075523524226783,80.1,0.4581494647953011,73.5,0.47799023329179213,-0.3857,0.181,0.5836832633473306,0.9961690201642212,False,ns
0.1,0.15,0.1637,footprint,39,ME,stl,12,6,peak,84,4,0.2215,0.04291301600846278,74.9,0.05629871585576127,68.6,0.06821501426974953,-0.2253,0.5026,0.1299740051989602,0.26564384092878396,False,fragile (naive-only)
0.1,0.25,0.2728,footprint,12,W,level,52,0,lag0,377,7,0.0303,0.5570688052056081,310.0,0.5946485357626528,291.7,0.6058342200258154,-0.0779,0.1243,0.615876824635073,0.9961690201642212,False,ns
0.1,0.25,0.2728,footprint,12,W,level,52,1,peak,376,7,0.0444,0.3908622437448594,309.3,0.43677136100214475,291.2,0.4506446125958642,-0.063,0.1381,0.46130773845230955,0.5788959855087806,False,ns
0.1,0.25,0.2728,footprint,12,W,intensity-model,52,0,lag0,377,7,0.0258,0.6174289770969247,310.0,0.6508035423229904,291.7,0.6606818671956871,-0.0826,0.1204,0.6716656668666267,0.9961690201642212,False,ns
0.1,0.25,0.2728,footprint,12,W,intensity-model,52,1,peak,376,7,0.0399,0.44085281288043726,309.3,0.4848377786499941,291.2,0.49802590292799914,-0.0683,0.1343,0.5132973405318936,0.5889067800474992,False,ns
0.1,0.25,0.2728,footprint,12,W,yoy,52,0,lag0,325,7,-0.0259,0.6419030273246643,217.2,0.7043692918245592,218.5,0.7035211001724054,-0.1809,0.1289,0.7032593481303739,0.9961690201642212,False,ns
0.1,0.25,0.2728,footprint,12,W,yoy,52,-1,peak,324,7,-0.0429,0.44203876626069777,212.4,0.5345298323265196,216.5,0.530483884434351,-0.2079,0.1192,0.49870025994801037,0.5889067800474992,False,ns
0.1,0.25,0.2728,footprint,12,W,stl,52,0,lag0,377,7,0.0467,0.3654777376053532,320.1,0.4046064358480279,307.6,0.4139988374709375,-0.0485,0.1373,0.41631673665266944,0.9961690201642212,False,ns
0.1,0.25,0.2728,footprint,12,W,stl,52,6,peak,371,7,0.074,0.1546939306867529,315.0,0.18998401039066276,302.7,0.1989311600778491,-0.0406,0.1759,0.1827634473105379,0.31647724509152225,False,ns
0.1,0.25,0.2728,footprint,12,ME,level,12,0,lag0,90,4,0.084,0.4314219001943729,66.6,0.5005570695686723,65.5,0.5043222047001568,-0.1538,0.2743,0.5560887822435513,0.9961690201642212,False,ns
0.1,0.25,0.2728,footprint,12,ME,level,12,6,peak,84,4,0.2742,0.011614188296572398,63.5,0.029043430923004813,62.8,0.029949661439645194,-0.1399,0.548,0.03799240151969606,0.1959608078384323,False,fragile (naive-only)
0.1,0.25,0.2728,footprint,12,ME,intensity-model,12,0,lag0,90,4,0.0625,0.5582824700699377,66.7,0.6161075303362954,65.5,0.6193417947955264,-0.1783,0.2577,0.6680663867226555,0.9961690201642212,False,ns
0.1,0.25,0.2728,footprint,12,ME,intensity-model,12,6,peak,84,4,0.2542,0.01963106388032286,63.6,0.04329292417909084,63.0,0.04442595916871181,-0.1647,0.5372,0.05638872225554889,0.1980235531841,False,fragile (naive-only)
0.1,0.25,0.2728,footprint,12,ME,yoy,12,0,lag0,78,4,-0.0454,0.6931580123776457,51.8,0.7497216388229055,52.7,0.7476113668299824,-0.4517,0.2751,0.7500499900019996,0.9961690201642212,False,ns
0.1,0.25,0.2728,footprint,12,ME,yoy,12,6,peak,72,4,0.2564,0.029676681529478624,47.8,0.07901077754078305,48.5,0.0769620961000438,-0.2077,0.5216,0.1195760847830434,0.26564384092878396,False,fragile (naive-only)
0.1,0.25,0.2728,footprint,12,ME,stl,12,0,lag0,90,4,0.0518,0.6277205708000428,76.9,0.6548073638534873,74.3,0.660371239269249,-0.1666,0.2361,0.6962607478504299,0.9961690201642212,False,ns
0.1,0.25,0.2728,footprint,12,ME,stl,12,5,peak,85,4,0.2576,0.017316101221904714,72.7,0.02816767096282608,70.2,0.03104044602872514,-0.1651,0.4779,0.03279344131173765,0.1959608078384323,False,fragile (naive-only)
